system:index,NDVI,Rainfall,SOC,Slope,.geo
0_0,0.41546813,664.1459346134216,21,0.92906076,"{""geodesic"":false,""type"":""Point"",""coordinates"":[38.17404274595169,-3.4165176043275705]}"
1_0,0.25562608,799.6689832769298,21,6.5345945,"{""geodesic"":false,""type"":""Point"",""coordinates"":[38.27537271000037,-3.0731815027370892]}"
2_0,0.4945141,676.7463864721358,23,5.84671,"{""geodesic"":false,""type"":""Point"",""coordinates"":[38.32361224075759,-3.5385986514394134]}"
3_0,0.80249673,947.106427423656,28,28.952072,"{""geodesic"":false,""type"":""Point"",""coordinates"":[38.41200646471495,-3.375823921956956]}"
4_0,0.6478414,675.7124170362949,21,4.6340413,"{""geodesic"":false,""type"":""Point"",""coordinates"":[38.67045177195614,-3.8506733811425353]}"
5_0,0.13585463,595.7023362219334,18,0.92740995,"{""geodesic"":false,""type"":""Point"",""coordinates"":[39.03480845119501,-3.3529168822119084]}"
6_0,0.27094972,647.944291613996,22,2.9346886,"{""geodesic"":false,""type"":""Point"",""coordinates"":[38.08888245701716,-3.2580547882088866]}"
7_0,0.5812681,710.7221528887749,23,0.0,"{""geodesic"":false,""type"":""Point"",""coordinates"":[38.520612782564996,-3.539676629780357]}"
8_0,0.7725961,880.4195532985032,31,10.4585905,"{""geodesic"":false,""type"":""Point"",""coordinates"":[38.28372704214268,-3.404120853406721]}"
9_0,0.36419752,799.6689832769298,21,13.45652,"{""geodesic"":false,""type"":""Point"",""coordinates"":[38.28399653672792,-3.072103524396146]}"
10_0,0.32829088,844.9015009663999,24,32.185913,"{""geodesic"":false,""type"":""Point"",""coordinates"":[38.043607366697536,-2.8982795169190183]}"
11_0,0.32224953,799.6689832769298,21,2.6234066,"{""geodesic"":false,""type"":""Point"",""coordinates"":[38.25731657278957,-3.0823443186351085]}"
12_0,0.29858586,665.0236494392157,20,7.030336,"{""geodesic"":false,""type"":""Point"",""coordinates"":[38.67638065283133,-3.684125727466776]}"
13_0,0.3007284,748.1012220047414,25,2.0736687,"{""geodesic"":false,""type"":""Point"",""coordinates"":[37.70539166222653,-3.184482766439498]}"
14_0,0.3362092,733.2710866108537,20,3.713378,"{""geodesic"":false,""type"":""Point"",""coordinates"":[38.853169100746044,-3.9024163415078195]}"
15_0,0.32309538,568.7673592748324,20,2.7802885,"{""geodesic"":false,""type"":""Point"",""coordinates"":[38.772590219760524,-3.4235244635437025]}"
16_0,0.19638272,589.8536406755447,18,6.464861,"{""geodesic"":false,""type"":""Point"",""coordinates"":[38.83807740397284,-3.2152051491563856]}"
17_0,0.4483936,676.0948244035244,21,9.259189,"{""geodesic"":false,""type"":""Point"",""coordinates"":[38.470756284296364,-3.718890528962201]}"
18_0,0.41133696,574.1436248868704,23,5.557202,"{""geodesic"":false,""type"":""Point"",""coordinates"":[38.06732289019829,-3.3887596620482774]}"
19_0,0.3465123,720.8180957511067,25,6.6621227,"{""geodesic"":false,""type"":""Point"",""coordinates"":[38.30232216852396,-3.6027383627255474]}"
20_0,0.19865622,554.3416660241783,19,1.8543341,"{""geodesic"":false,""type"":""Point"",""coordinates"":[39.025106646126524,-3.2960535247271427]}"
21_0,0.4238454,911.6515505313873,21,1.3123127,"{""geodesic"":false,""type"":""Point"",""coordinates"":[38.30097469559777,-2.952447928551426]}"
22_0,0.2611684,714.6870061426016,21,4.6347556,"{""geodesic"":false,""type"":""Point"",""coordinates"":[38.336547980848906,-4.050907857972777]}"
23_0,0.35409653,664.1459346134216,22,1.8576326,"{""geodesic"":false,""type"":""Point"",""coordinates"":[38.16002902751942,-3.4159786151570986]}"
24_0,0.64271516,821.4409310370684,24,1.3126409,"{""geodesic"":false,""type"":""Point"",""coordinates"":[37.721022348170216,-3.4631401675733735]}"
25_0,0.2601939,806.9251818135381,21,3.3418305,"{""geodesic"":false,""type"":""Point"",""coordinates"":[38.26513191576141,-3.100400455845911]}"
26_0,0.26384208,641.1909339800477,21,3.71132,"{""geodesic"":false,""type"":""Point"",""coordinates"":[38.613588414471366,-3.403581864236249]}"
27_0,0.3819375,675.7124170362949,22,1.3129324,"{""geodesic"":false,""type"":""Point"",""coordinates"":[38.68958588750788,-3.8601056916257903]}"
28_0,0.6077651,1088.612834468484,27,14.763688,"{""geodesic"":false,""type"":""Point"",""coordinates"":[38.30124419018301,-3.388490167463041]}"
29_0,0.25006506,566.4705557679408,19,2.0736651,"{""geodesic"":false,""type"":""Point"",""coordinates"":[38.783639497755196,-3.175319950541479]}"
30_0,0.47342533,714.760166183114,24,2.0738525,"{""geodesic"":false,""type"":""Point"",""coordinates"":[38.39610628418603,-3.6113621894530947]}"
31_0,0.35903764,813.3482778668404,22,0.92740995,"{""geodesic"":false,""type"":""Point"",""coordinates"":[38.206112601594754,-3.099591972090203]}"
32_0,0.44186047,736.5578342138324,24,1.3126338,"{""geodesic"":false,""type"":""Point"",""coordinates"":[38.26486242117617,-3.452899373334411]}"
33_0,0.20298466,786.4173095673323,19,1.3123999,"{""geodesic"":false,""type"":""Point"",""coordinates"":[38.510371988326035,-3.096358037067373]}"
34_0,0.24986523,868.032398454845,22,2.623299,"{""geodesic"":false,""type"":""Point"",""coordinates"":[38.109364045495084,-2.9936806000925116]}"
35_0,0.15225956,547.9544079834595,17,1.8573489,"{""geodesic"":false,""type"":""Point"",""coordinates"":[38.876345635076326,-3.2661396257659625]}"
36_0,0.23764835,761.531933452934,21,1.8543341,"{""geodesic"":false,""type"":""Point"",""coordinates"":[37.9651844423939,-3.7808742835664484]}"
37_0,0.18233164,567.8876934519503,20,1.8569531,"{""geodesic"":false,""type"":""Point"",""coordinates"":[38.698209714235425,-3.044345582116853]}"
38_0,0.21365555,532.5999893993139,18,2.0754542,"{""geodesic"":false,""type"":""Point"",""coordinates"":[38.884699967218644,-3.09851399374926]}"
39_0,0.31406602,716.7029976714402,24,2.7857854,"{""geodesic"":false,""type"":""Point"",""coordinates"":[38.03148011036192,-3.6027383627255474]}"
40_0,0.5929868,740.4097421718761,22,3.932445,"{""geodesic"":false,""type"":""Point"",""coordinates"":[38.223090760464615,-3.4725724780566285]}"
41_0,0.35296154,704.5904895961285,21,3.345489,"{""geodesic"":false,""type"":""Point"",""coordinates"":[38.06112451473786,-3.828574825153195]}"
42_0,0.27430305,681.1136229857802,20,2.6247146,"{""geodesic"":false,""type"":""Point"",""coordinates"":[38.452700147085565,-4.004285294726974]}"
43_0,0.28330615,572.9378160685301,22,1.3126558,"{""geodesic"":false,""type"":""Point"",""coordinates"":[38.656707548109104,-3.4844302398070064]}"
44_0,0.27398905,742.6819145213813,21,2.0763364,"{""geodesic"":false,""type"":""Point"",""coordinates"":[37.906704117397716,-3.617560564913519]}"
45_0,0.23697223,633.9700979153858,19,2.6245189,"{""geodesic"":false,""type"":""Point"",""coordinates"":[38.48638697024005,-3.8803177855184794]}"
46_0,0.20027624,584.1958344615996,19,2.0737317,"{""geodesic"":false,""type"":""Point"",""coordinates"":[38.68365700663269,-3.336747207097757]}"
47_0,0.33160046,792.8169032409787,23,4.1418524,"{""geodesic"":false,""type"":""Point"",""coordinates"":[38.343285345479806,-3.100400455845911]}"
48_0,0.5805613,714.760166183114,22,5.62388,"{""geodesic"":false,""type"":""Point"",""coordinates"":[38.35244816137782,-3.611092694867859]}"
49_0,0.37631026,625.0234033167362,20,2.073656,"{""geodesic"":false,""type"":""Point"",""coordinates"":[38.62706314373316,-3.152682405381667]}"
50_0,0.39555806,744.8904970735312,22,5.3947477,"{""geodesic"":false,""type"":""Point"",""coordinates"":[38.46617487634735,-3.444006052021628]}"
51_0,0.30805686,725.5693663284183,22,4.6296825,"{""geodesic"":false,""type"":""Point"",""coordinates"":[38.06867036312447,-3.024672477394635]}"
52_0,0.24551569,687.4911296367645,21,1.8572431,"{""geodesic"":false,""type"":""Point"",""coordinates"":[38.10451314296083,-3.208467784525489]}"
53_0,0.22338103,545.3868978401297,17,3.3418322,"{""geodesic"":false,""type"":""Point"",""coordinates"":[39.027532097393646,-3.102286917942562]}"
54_0,0.46224356,735.1083545833826,21,2.7860353,"{""geodesic"":false,""type"":""Point"",""coordinates"":[38.36214996644632,-3.683586738296304]}"
55_0,0.3358259,758.7518889503554,21,3.8188512,"{""geodesic"":false,""type"":""Point"",""coordinates"":[38.21365844998136,-3.296592513897614]}"
56_0,0.2139394,742.2851078957319,20,1.3127687,"{""geodesic"":false,""type"":""Point"",""coordinates"":[37.95709960483682,-3.642623561340454]}"
57_0,0.39301974,576.0349021199509,21,9.260697,"{""geodesic"":false,""type"":""Point"",""coordinates"":[38.516839858371696,-3.863609121233856]}"
58_0,0.4809472,716.6595887783333,23,7.6167355,"{""geodesic"":false,""type"":""Point"",""coordinates"":[38.25300465942579,-3.523776449251441]}"
59_0,0.44102204,866.4476572647691,22,2.075283,"{""geodesic"":false,""type"":""Point"",""coordinates"":[38.28345754755745,-2.987482224632087]}"
60_0,0.38742515,788.4366359338164,22,2.933881,"{""geodesic"":false,""type"":""Point"",""coordinates"":[38.10666909964272,-2.933583307584916]}"
61_0,0.24788697,627.3972577638924,18,1.858077,"{""geodesic"":false,""type"":""Point"",""coordinates"":[38.94156332470341,-3.6385811425619163]}"
62_0,0.49540195,843.7510176375508,24,3.9313865,"{""geodesic"":false,""type"":""Point"",""coordinates"":[38.19506332360008,-2.919300094567415]}"
63_0,0.64337,768.1433229595423,22,4.146723,"{""geodesic"":false,""type"":""Point"",""coordinates"":[38.421438775198204,-3.4747284347385152]}"
64_0,0.24933316,653.4295326597057,17,3.9327772,"{""geodesic"":false,""type"":""Point"",""coordinates"":[38.88604744014482,-3.6286098429081894]}"
65_0,0.36481804,720.8180957511067,26,7.4358726,"{""geodesic"":false,""type"":""Point"",""coordinates"":[38.309598522325324,-3.6339997346129067]}"
66_0,0.7839209,884.6858258545399,26,5.399498,"{""geodesic"":false,""type"":""Point"",""coordinates"":[38.31741386529716,-3.488472658585544]}"
67_0,0.42064497,755.3022217042744,22,2.073862,"{""geodesic"":false,""type"":""Point"",""coordinates"":[37.813189496320874,-3.6318437779310195]}"
68_0,0.4222746,565.6818849525007,18,2.930983,"{""geodesic"":false,""type"":""Point"",""coordinates"":[38.78013606814713,-3.5315917922232813]}"
69_0,0.19208899,651.4869780093431,21,1.8543341,"{""geodesic"":false,""type"":""Point"",""coordinates"":[37.80591314251951,-3.21493565457115]}"
70_0,0.33209747,496.48393324017525,20,5.922024,"{""geodesic"":false,""type"":""Point"",""coordinates"":[38.68365700663269,-3.5119186875010637]}"
71_0,0.16490641,519.287174500525,17,3.3420224,"{""geodesic"":false,""type"":""Point"",""coordinates"":[38.91434437159459,-3.2920111059486046]}"
72_0,0.23803543,904.4263718128204,20,3.7096581,"{""geodesic"":false,""type"":""Point"",""coordinates"":[38.32199527324617,-2.939242693874869]}"
73_0,0.29259259,695.4965745285153,19,0.0,"{""geodesic"":false,""type"":""Point"",""coordinates"":[38.412814948470654,-4.007249735164568]}"
74_0,0.24646257,640.1307993605733,22,9.0605755,"{""geodesic"":false,""type"":""Point"",""coordinates"":[38.03148011036192,-3.050004968406806]}"
75_0,0.70546514,748.4425643980503,23,1.3126256,"{""geodesic"":false,""type"":""Point"",""coordinates"":[38.23171458719216,-3.4410416115840334]}"
76_0,0.3607083,537.9835378527641,24,2.073766,"{""geodesic"":false,""type"":""Point"",""coordinates"":[38.0004882330598,-3.417056593498042]}"
77_0,0.2039236,563.8915772589389,19,3.3437178,"{""geodesic"":false,""type"":""Point"",""coordinates"":[39.130209534368504,-3.104173380039213]}"
78_0,0.38310236,537.9835378527641,23,0.0,"{""geodesic"":false,""type"":""Point"",""coordinates"":[38.003991662667865,-3.4027733804805416]}"
79_0,0.345711,637.5871793478727,21,2.0763497,"{""geodesic"":false,""type"":""Point"",""coordinates"":[38.62140375744321,-3.6248369187148874]}"
80_0,0.19793682,544.6461383076385,18,1.3124077,"{""geodesic"":false,""type"":""Point"",""coordinates"":[39.097061700384494,-3.1087547879882225]}"
81_0,0.4460874,721.3396745002829,23,2.931016,"{""geodesic"":false,""type"":""Point"",""coordinates"":[38.067861879368756,-3.6342692291981424]}"
82_0,0.3902439,629.0117813907564,19,3.344477,"{""geodesic"":false,""type"":""Point"",""coordinates"":[39.11269238632818,-3.4334957631974294]}"
83_0,0.42732242,698.5101613245788,21,2.786796,"{""geodesic"":false,""type"":""Point"",""coordinates"":[38.75561206089066,-3.9193945003776784]}"
84_0,0.4111614,735.7749928683043,22,2.931061,"{""geodesic"":false,""type"":""Point"",""coordinates"":[38.30420863062061,-3.77036399474225]}"
85_0,0.4167258,712.458807207644,20,3.8261583,"{""geodesic"":false,""type"":""Point"",""coordinates"":[38.315796897785745,-3.7474569549972023]}"
86_0,0.2992412,707.936475945753,22,2.0766945,"{""geodesic"":false,""type"":""Point"",""coordinates"":[38.36376693395773,-3.807823742090034]}"
87_0,0.34498066,706.4893424361944,20,1.3128421,"{""geodesic"":false,""type"":""Point"",""coordinates"":[38.84481476860373,-3.741528074122013]}"
88_0,0.24417731,633.2611018549651,20,4.1466346,"{""geodesic"":false,""type"":""Point"",""coordinates"":[39.06903426351997,-3.449395943726345]}"
89_0,0.31536388,840.7073572427034,21,3.8187623,"{""geodesic"":false,""type"":""Point"",""coordinates"":[38.32361224075759,-2.8756419717592063]}"
90_0,0.30601707,570.8644628481998,19,2.62378,"{""geodesic"":false,""type"":""Point"",""coordinates"":[38.764774876788685,-3.3715120085931822]}"
91_0,0.38175353,723.2381960302591,22,2.0736458,"{""geodesic"":false,""type"":""Point"",""coordinates"":[38.02204779987866,-3.1270804197842605]}"
92_0,0.26299986,797.1295130029321,20,3.3425312,"{""geodesic"":false,""type"":""Point"",""coordinates"":[37.89322938813592,-3.7523078575314477]}"
93_0,0.3245817,474.36805857531726,24,1.3123502,"{""geodesic"":false,""type"":""Point"",""coordinates"":[37.95709960483682,-3.0149706723261445]}"
94_0,0.17387219,545.3868978401297,18,1.3124313,"{""geodesic"":false,""type"":""Point"",""coordinates"":[39.01136242227949,-3.146753524506478]}"
95_0,0.33752418,657.3963373965817,20,2.9311373,"{""geodesic"":false,""type"":""Point"",""coordinates"":[38.4281761398291,-3.9897325871242373]}"
96_0,0.3172338,732.294514387846,19,0.9291592,"{""geodesic"":false,""type"":""Point"",""coordinates"":[37.81615393675847,-3.516769590035309]}"
97_0,0.42031178,792.8169032409787,22,0.0,"{""geodesic"":false,""type"":""Point"",""coordinates"":[38.32576819743947,-3.140016159875582]}"
98_0,0.22053045,662.2281739488244,20,3.9327018,"{""geodesic"":false,""type"":""Point"",""coordinates"":[39.02861007573459,-3.593845041412764]}"
99_0,0.2500587,761.0980718377978,21,8.252167,"{""geodesic"":false,""type"":""Point"",""coordinates"":[37.88972595852786,-3.714309121013192]}"
100_0,0.44435033,741.3991488590837,25,36.18037,"{""geodesic"":false,""type"":""Point"",""coordinates"":[38.08942144618763,-2.975893957466945]}"
101_0,0.28833044,608.308159828186,23,2.9308226,"{""geodesic"":false,""type"":""Point"",""coordinates"":[38.04684130172036,-2.9810143545864265]}"
102_0,0.57064,906.9608168154955,22,4.1446314,"{""geodesic"":false,""type"":""Point"",""coordinates"":[38.189673431895365,-2.815275184666375]}"
103_0,0.22196697,653.4127915799618,20,8.496347,"{""geodesic"":false,""type"":""Point"",""coordinates"":[38.62948859500028,-3.2885076763405388]}"
104_0,0.43195453,652.5495487451553,21,2.7802885,"{""geodesic"":false,""type"":""Point"",""coordinates"":[38.564001410787974,-3.6339997346129067]}"
105_0,0.39295775,664.2724416404963,20,2.6243439,"{""geodesic"":false,""type"":""Point"",""coordinates"":[38.479380111023914,-3.766052081378476]}"
106_0,0.34142306,654.8661195524037,19,0.9293299,"{""geodesic"":false,""type"":""Point"",""coordinates"":[38.81570935339826,-3.68385623288154]}"
107_0,0.25301504,677.7786230426282,20,10.158215,"{""geodesic"":false,""type"":""Point"",""coordinates"":[38.20530411783905,-3.726975366519277]}"
108_0,0.29459223,591.9207798680291,19,5.2365775,"{""geodesic"":false,""type"":""Point"",""coordinates"":[38.60873751193712,-3.362618687280399]}"
109_0,0.26041532,666.6851806379855,21,2.9353728,"{""geodesic"":false,""type"":""Point"",""coordinates"":[38.08214509238626,-3.509493236233941]}"
110_0,0.5805195,862.281828103587,25,3.3422353,"{""geodesic"":false,""type"":""Point"",""coordinates"":[37.66254202317403,-3.4919760881936104]}"
111_0,0.5156032,863.5219182819128,23,0.92740995,"{""geodesic"":false,""type"":""Point"",""coordinates"":[37.95790808859253,-2.889386195606235]}"
112_0,0.28643215,700.2739814519882,22,2.6243532,"{""geodesic"":false,""type"":""Point"",""coordinates"":[38.10397415379037,-3.772250456838901]}"
113_0,0.28805766,843.5943090857472,21,4.145392,"{""geodesic"":false,""type"":""Point"",""coordinates"":[38.35649058015636,-3.071564535225674]}"
114_0,0.16708629,521.3371127732098,19,6.2055902,"{""geodesic"":false,""type"":""Point"",""coordinates"":[38.97821458829548,-3.280422838783463]}"
115_0,0.8616086,899.874293833971,30,6.661576,"{""geodesic"":false,""type"":""Point"",""coordinates"":[38.43141007485193,-3.349413452603842]}"
116_0,0.47909275,677.126676844433,21,2.0738442,"{""geodesic"":false,""type"":""Point"",""coordinates"":[38.2214737929532,-3.5927670630718205]}"
117_0,0.18744794,749.7645652126521,26,31.07787,"{""geodesic"":false,""type"":""Point"",""coordinates"":[37.92044834124474,-2.8702520800544895]}"
118_0,0.3545082,681.750735539943,23,0.0,"{""geodesic"":false,""type"":""Point"",""coordinates"":[38.150866211621405,-3.8668430562566867]}"
119_0,0.25466806,699.963441208005,20,3.9329443,"{""geodesic"":false,""type"":""Point"",""coordinates"":[38.17619870263358,-3.704607315944701]}"
120_0,0.41245136,877.7510311082006,21,4.14172,"{""geodesic"":false,""type"":""Point"",""coordinates"":[38.29827974974542,-2.9257679646130756]}"
121_0,0.121856116,820.4508093055338,20,2.073718,"{""geodesic"":false,""type"":""Point"",""coordinates"":[38.487464948580985,-3.304138362284218]}"
122_0,0.21707317,531.416051320266,17,4.1418505,"{""geodesic"":false,""type"":""Point"",""coordinates"":[39.01863877608086,-3.097705509993552]}"
123_0,0.14181226,537.7193927176413,18,1.312363,"{""geodesic"":false,""type"":""Point"",""coordinates"":[39.02887957031982,-3.036260744559777]}"
124_0,0.29271916,648.6965304687619,20,0.92740995,"{""geodesic"":false,""type"":""Point"",""coordinates"":[38.5243857067583,-3.7523078575314477]}"
125_0,0.3133858,630.5172365296748,20,1.8543341,"{""geodesic"":false,""type"":""Point"",""coordinates"":[38.53004509304825,-3.809710204186685]}"
126_0,0.35566095,712.8276061937213,21,1.3125236,"{""geodesic"":false,""type"":""Point"",""coordinates"":[38.17242577844027,-3.289855149266718]}"
127_0,0.26584798,690.8173360763903,21,2.073984,"{""geodesic"":false,""type"":""Point"",""coordinates"":[38.28453552589839,-3.8875941393198477]}"
128_0,0.2012368,636.9905338212848,21,5.2359176,"{""geodesic"":false,""type"":""Point"",""coordinates"":[37.95602162649588,-3.105790347550628]}"
129_0,0.22546013,846.9928504301424,20,2.930966,"{""geodesic"":false,""type"":""Point"",""coordinates"":[37.78300610277446,-3.4766148968351662]}"
130_0,0.3317093,632.1888918341137,23,2.9339826,"{""geodesic"":false,""type"":""Point"",""coordinates"":[37.894576861062106,-2.976432946637417]}"
131_0,0.44306514,792.8169032409787,22,2.7802885,"{""geodesic"":false,""type"":""Point"",""coordinates"":[38.30852054398438,-3.1478315028474215]}"
132_0,0.321797,886.3991772857844,23,0.92919093,"{""geodesic"":false,""type"":""Point"",""coordinates"":[37.76306350346701,-3.548300456507904]}"
133_0,0.40459687,563.3660963652655,26,2.9345822,"{""geodesic"":false,""type"":""Point"",""coordinates"":[37.72560375611922,-3.2170916112530366]}"
134_0,0.18181819,564.9858477190137,23,0.92740995,"{""geodesic"":false,""type"":""Point"",""coordinates"":[37.974886247462386,-2.974546484540766]}"
135_0,0.23522633,771.6054477542639,22,2.6233943,"{""geodesic"":false,""type"":""Point"",""coordinates"":[38.1004707241823,-3.072103524396146]}"
136_0,0.27459878,558.7420254200697,20,4.6326203,"{""geodesic"":false,""type"":""Point"",""coordinates"":[38.86879978668973,-3.417056593498042]}"
137_0,0.2308376,565.5928302109241,18,1.8543341,"{""geodesic"":false,""type"":""Point"",""coordinates"":[39.0264541190527,-3.3184215753017186]}"
138_0,0.5356631,856.9859743975103,23,2.9337416,"{""geodesic"":false,""type"":""Point"",""coordinates"":[38.13119310689918,-2.8737555096625553]}"
139_0,0.31393224,746.9298804961145,20,2.7845995,"{""geodesic"":false,""type"":""Point"",""coordinates"":[38.13469653650725,-3.1912201310703945]}"
140_0,0.25878948,707.936475945753,22,2.0767322,"{""geodesic"":false,""type"":""Point"",""coordinates"":[38.36673137439532,-3.8272273522270157]}"
141_0,0.27525678,576.0349021199509,20,5.5603313,"{""geodesic"":false,""type"":""Point"",""coordinates"":[38.54028588728722,-3.8986434173145175]}"
142_0,0.17085308,570.3743831813335,19,3.8188713,"{""geodesic"":false,""type"":""Point"",""coordinates"":[38.969590761567936,-3.3841782540992678]}"
143_0,0.5607724,646.191128641367,20,5.924857,"{""geodesic"":false,""type"":""Point"",""coordinates"":[38.708989497644865,-3.61621309198734]}"
144_0,0.16636668,532.5999893993139,19,3.3418236,"{""geodesic"":false,""type"":""Point"",""coordinates"":[38.876615129661566,-3.0933935966297783]}"
145_0,0.7072419,683.911021232605,25,6.477468,"{""geodesic"":false,""type"":""Point"",""coordinates"":[38.368078847321506,-3.5906111063899337]}"
146_0,0.32511738,669.1460465490818,21,7.6042924,"{""geodesic"":false,""type"":""Point"",""coordinates"":[38.882274515951515,-3.760931684258995]}"
147_0,0.40875462,973.4361109547317,28,23.85772,"{""geodesic"":false,""type"":""Point"",""coordinates"":[38.02393426197531,-2.8268634518315165]}"
148_0,0.35616827,692.8718083298008,22,2.6241958,"{""geodesic"":false,""type"":""Point"",""coordinates"":[38.75183913669736,-3.666608579426445]}"
149_0,0.22163588,761.531933452934,21,3.9331188,"{""geodesic"":false,""type"":""Point"",""coordinates"":[37.95871657234824,-3.7824912510778637]}"
150_0,0.4063492,690.1296389454947,22,2.0739305,"{""geodesic"":false,""type"":""Point"",""coordinates"":[38.29262036345546,-3.777370853958382]}"
151_0,0.27225274,636.7445883080363,19,11.918179,"{""geodesic"":false,""type"":""Point"",""coordinates"":[38.603617114817645,-3.030601358269824]}"
152_0,0.35351056,677.7786230426282,22,3.3425207,"{""geodesic"":false,""type"":""Point"",""coordinates"":[38.22848065216933,-3.743414536218664]}"
153_0,0.43924758,698.0181739777327,23,4.1472173,"{""geodesic"":false,""type"":""Point"",""coordinates"":[38.438416934068066,-3.61297915696451]}"
154_0,0.3119814,639.5309525243938,22,0.92740995,"{""geodesic"":false,""type"":""Point"",""coordinates"":[38.11232848593268,-3.366930600644173]}"
155_0,0.34915897,703.5243787303625,20,2.6244004,"{""geodesic"":false,""type"":""Point"",""coordinates"":[38.762888414692036,-3.8032423341410246]}"
156_0,0.20015617,519.287174500525,17,3.818841,"{""geodesic"":false,""type"":""Point"",""coordinates"":[38.91892577954359,-3.2513174235779903]}"
157_0,0.35489064,712.458807207644,21,2.0739043,"{""geodesic"":false,""type"":""Point"",""coordinates"":[38.3214562840757,-3.7223939585702674]}"
158_0,0.3582756,619.3559047728777,21,2.9347186,"{""geodesic"":false,""type"":""Point"",""coordinates"":[38.016118919003475,-3.2693735607887926]}"
159_0,0.36152545,704.3678481653333,20,1.8584315,"{""geodesic"":false,""type"":""Point"",""coordinates"":[38.87957957009916,-3.8067457637490905]}"
160_0,0.25778088,524.6666759103537,20,2.6240408,"{""geodesic"":false,""type"":""Point"",""coordinates"":[38.717343829787175,-3.5593497345025744]}"
161_0,0.26189858,648.6965304687619,20,4.9835777,"{""geodesic"":false,""type"":""Point"",""coordinates"":[38.50902451539986,-3.7655130922080047]}"
162_0,0.26792344,692.6193616017699,21,2.0737488,"{""geodesic"":false,""type"":""Point"",""coordinates"":[38.51737884754217,-3.3769019002978995]}"
163_0,0.3291885,640.1307993605733,22,3.3436782,"{""geodesic"":false,""type"":""Point"",""coordinates"":[38.01072902729876,-3.0861172428284105]}"
164_0,0.31153727,799.0993515662849,21,5.923509,"{""geodesic"":false,""type"":""Point"",""coordinates"":[38.48989039984811,-3.2580547882088866]}"
165_0,0.24117446,571.9856315098295,19,7.0298514,"{""geodesic"":false,""type"":""Point"",""coordinates"":[38.762618920106796,-3.262097206987425]}"
166_0,0.4474294,874.9957141578197,24,4.1445127,"{""geodesic"":false,""type"":""Point"",""coordinates"":[38.110981013006494,-2.7729645347843452]}"
167_0,0.6582543,753.0066838636994,26,15.817918,"{""geodesic"":false,""type"":""Point"",""coordinates"":[38.59014238555585,-3.484699734392242]}"
168_0,0.2911474,591.9207798680291,20,8.49447,"{""geodesic"":false,""type"":""Point"",""coordinates"":[38.61412740364184,-3.353186376797144]}"
169_0,0.24291687,843.5943090857472,21,0.0,"{""geodesic"":false,""type"":""Point"",""coordinates"":[38.357299063912066,-3.088542694095533]}"
170_0,0.20752183,691.3574304869398,19,2.073811,"{""geodesic"":false,""type"":""Point"",""coordinates"":[38.1613765004456,-3.5194645358876677]}"
171_0,0.17807879,515.7655349522829,19,4.6273675,"{""geodesic"":false,""type"":""Point"",""coordinates"":[38.70359960594015,-3.0543168817705793]}"
172_0,0.43114346,877.7510311082006,22,2.623189,"{""geodesic"":false,""type"":""Point"",""coordinates"":[38.270521807466125,-2.9001659790156693]}"
173_0,0.24069338,771.6054477542639,21,3.3418264,"{""geodesic"":false,""type"":""Point"",""coordinates"":[38.10451314296083,-3.096088542482137]}"
174_0,0.3009602,641.1909339800477,20,2.0737655,"{""geodesic"":false,""type"":""Point"",""coordinates"":[38.60442559857335,-3.415709120571863]}"
175_0,0.32337412,704.8940257430077,18,5.398446,"{""geodesic"":false,""type"":""Point"",""coordinates"":[38.528967114707314,-3.2286798784181783]}"
176_0,0.25238743,701.7647191733122,24,9.937337,"{""geodesic"":false,""type"":""Point"",""coordinates"":[37.989438955065125,-3.52188998715479]}"
177_0,0.6850698,884.6858258545399,30,19.635382,"{""geodesic"":false,""type"":""Point"",""coordinates"":[38.332775056655606,-3.456402802942477]}"
178_0,0.50672644,776.6255322517827,23,3.3445141,"{""geodesic"":false,""type"":""Point"",""coordinates"":[37.63613155382092,-3.448856954555873]}"
179_0,0.17781986,566.8943532668054,20,3.3421197,"{""geodesic"":false,""type"":""Point"",""coordinates"":[38.91811729578789,-3.384717243269739]}"
180_0,0.5954845,897.923815567352,23,3.7119212,"{""geodesic"":false,""type"":""Point"",""coordinates"":[37.76306350346701,-3.556654788650216]}"
181_0,0.36498517,700.2739814519882,22,1.3128854,"{""geodesic"":false,""type"":""Point"",""coordinates"":[38.10828606715414,-3.7989304207772507]}"
182_0,0.37367946,733.2710866108537,21,2.624605,"{""geodesic"":false,""type"":""Point"",""coordinates"":[38.866374335422606,-3.935294680906594]}"
183_0,0.30494753,891.861474327743,21,1.856945,"{""geodesic"":false,""type"":""Point"",""coordinates"":[38.301513684768246,-3.039764174167843]}"
184_0,0.22855103,685.0566477179527,19,1.3123778,"{""geodesic"":false,""type"":""Point"",""coordinates"":[38.553760616549006,-3.060515257231004]}"
185_0,0.43180028,813.1758205071092,22,1.8543341,"{""geodesic"":false,""type"":""Point"",""coordinates"":[38.3395124212865,-3.2920111059486046]}"
186_0,0.16678931,547.9544079834595,20,1.3125137,"{""geodesic"":false,""type"":""Point"",""coordinates"":[38.865565851666894,-3.27476345249351]}"
187_0,0.39530236,804.9803074114025,20,8.351462,"{""geodesic"":false,""type"":""Point"",""coordinates"":[38.21958733085655,-3.1214210334943076]}"
188_0,0.21178308,547.7539261234924,19,2.9346704,"{""geodesic"":false,""type"":""Point"",""coordinates"":[38.8054685591593,-3.2510479289927545]}"
189_0,0.60868317,677.126676844433,22,3.7047918,"{""geodesic"":false,""type"":""Point"",""coordinates"":[38.235487511385465,-3.5666260883039427]}"
190_0,0.41597444,716.7029976714402,22,1.3127472,"{""geodesic"":false,""type"":""Point"",""coordinates"":[38.02797668075385,-3.61297915696451]}"
191_0,0.16402926,515.7655349522829,19,2.6234214,"{""geodesic"":false,""type"":""Point"",""coordinates"":[38.71222343266769,-3.094202080385486]}"
192_0,0.34843066,684.786299492931,20,4.992195,"{""geodesic"":false,""type"":""Point"",""coordinates"":[38.37319924444098,-3.9347556917361226]}"
193_0,0.2671609,675.150914380094,21,3.3425567,"{""geodesic"":false,""type"":""Point"",""coordinates"":[38.785525959851846,-3.7738674243503163]}"
194_0,0.32500678,737.4401799784973,21,2.935008,"{""geodesic"":false,""type"":""Point"",""coordinates"":[37.805374153349035,-3.377710384053607]}"
195_0,0.36867183,643.21858189255,21,3.713406,"{""geodesic"":false,""type"":""Point"",""coordinates"":[38.74995267460071,-3.90888421155348]}"
196_0,0.25097987,695.4965745285153,19,0.9297122,"{""geodesic"":false,""type"":""Point"",""coordinates"":[38.448388233721786,-4.033390709932446]}"
197_0,0.22117338,562.6757712215185,20,4.63473,"{""geodesic"":false,""type"":""Point"",""coordinates"":[38.745910255822174,-3.23703421056049]}"
198_0,0.43563598,718.3684290982783,24,7.442876,"{""geodesic"":false,""type"":""Point"",""coordinates"":[38.043068377527064,-2.924959480857368]}"
199_0,0.3868717,656.8408555015922,23,2.9353707,"{""geodesic"":false,""type"":""Point"",""coordinates"":[38.105052132131306,-3.508684752478233]}"
200_0,0.40671274,619.4786287704483,25,1.8568205,"{""geodesic"":false,""type"":""Point"",""coordinates"":[37.937695994699844,-2.96646164698369]}"
201_0,0.23551561,589.4167968593538,21,0.9290723,"{""geodesic"":false,""type"":""Point"",""coordinates"":[38.696592746724015,-3.428375366077948]}"
202_0,0.3320345,739.9521660581231,23,4.718966,"{""geodesic"":false,""type"":""Point"",""coordinates"":[38.063819460590224,-3.653403344749888]}"
203_0,0.40023473,672.8922181129456,23,7.449024,"{""geodesic"":false,""type"":""Point"",""coordinates"":[38.60900700652236,-3.48092681019894]}"
204_0,0.36441892,723.643333144486,22,5.547545,"{""geodesic"":false,""type"":""Point"",""coordinates"":[38.45350863084127,-3.1947235606784607]}"
205_0,0.4164164,863.5219182819128,25,1.3122609,"{""geodesic"":false,""type"":""Point"",""coordinates"":[37.974616752877154,-2.863245220838357]}"
206_0,0.28836888,717.714446246624,19,2.0765128,"{""geodesic"":false,""type"":""Point"",""coordinates"":[38.87957957009916,-3.712422658916541]}"
207_0,0.50641024,686.1519198482856,23,0.0,"{""geodesic"":false,""type"":""Point"",""coordinates"":[38.22982812509551,-3.6339997346129067]}"
208_0,0.34823254,747.6208099573851,20,9.90226,"{""geodesic"":false,""type"":""Point"",""coordinates"":[38.45350863084127,-3.1047123692096843]}"
209_0,0.14089163,518.8632074594498,18,8.4936,"{""geodesic"":false,""type"":""Point"",""coordinates"":[38.73971188036175,-3.1044428746244486]}"
210_0,0.26788595,686.1519198482856,20,1.3127457,"{""geodesic"":false,""type"":""Point"",""coordinates"":[38.20503462325381,-3.610823200282623]}"
211_0,0.50313294,896.4360913354903,22,2.9336612,"{""geodesic"":false,""type"":""Point"",""coordinates"":[38.110981013006494,-2.83899070816713]}"
212_0,0.22773208,572.584911424412,19,2.9345522,"{""geodesic"":false,""type"":""Point"",""coordinates"":[38.764774876788685,-3.205503344087895]}"
213_0,0.256917,598.0732364654541,19,6.6664186,"{""geodesic"":false,""type"":""Point"",""coordinates"":[38.86879978668973,-3.454785835431062]}"
214_0,0.32416052,655.0932667702436,20,5.23615,"{""geodesic"":false,""type"":""Point"",""coordinates"":[38.57262523751552,-3.1984964848717627]}"
215_0,0.400683,746.9899789057672,22,3.7127154,"{""geodesic"":false,""type"":""Point"",""coordinates"":[38.04764978547607,-3.749073922508617]}"
216_0,0.24003984,629.0117813907564,18,2.0737782,"{""geodesic"":false,""type"":""Point"",""coordinates"":[39.12185520222619,-3.445084030362571]}"
217_0,0.2590247,575.7796414897311,19,2.0756311,"{""geodesic"":false,""type"":""Point"",""coordinates"":[38.88281350512199,-3.2095457628664326]}"
218_0,0.13466233,544.6461383076385,17,2.9308689,"{""geodesic"":false,""type"":""Point"",""coordinates"":[39.07442415522468,-3.149448470358837]}"
219_0,0.36670908,671.8743989467621,20,3.8259466,"{""geodesic"":false,""type"":""Point"",""coordinates"":[38.64835321596679,-3.695444500046682]}"
220_0,0.12107402,566.4705557679408,18,1.8571854,"{""geodesic"":false,""type"":""Point"",""coordinates"":[38.77771061688001,-3.1763979288824222]}"
221_0,0.5290016,885.4746770747006,22,3.709454,"{""geodesic"":false,""type"":""Point"",""coordinates"":[38.2071905799357,-2.876989444685386]}"
222_0,0.20458554,592.7764983177185,17,0.92740995,"{""geodesic"":false,""type"":""Point"",""coordinates"":[39.07927505775893,-3.27476345249351]}"
223_0,0.45601678,879.9805460199714,23,2.074936,"{""geodesic"":false,""type"":""Point"",""coordinates"":[38.156795092496594,-2.7484405275278823]}"
224_0,0.3730108,656.5426643192768,21,1.8574332,"{""geodesic"":false,""type"":""Point"",""coordinates"":[38.137660976944844,-3.3114147160855865]}"
225_0,0.2779674,715.7473518085899,21,4.6343946,"{""geodesic"":false,""type"":""Point"",""coordinates"":[38.79630574326128,-3.950925366850274]}"
226_0,0.55263156,844.9015009663999,25,2.0735538,"{""geodesic"":false,""type"":""Point"",""coordinates"":[38.03390556162904,-2.8853437768276975]}"
227_0,0.57797396,669.3245697170496,22,5.6359577,"{""geodesic"":false,""type"":""Point"",""coordinates"":[38.747796717918824,-3.862800637478149]}"
228_0,0.57858276,668.2363823506748,23,0.92947584,"{""geodesic"":false,""type"":""Point"",""coordinates"":[38.402843648816926,-3.821028976766591]}"
229_0,0.42282957,660.5101393836085,21,3.8190181,"{""geodesic"":false,""type"":""Point"",""coordinates"":[38.336817475434145,-3.9670950419644253]}"
230_0,0.38430113,704.0839661090504,22,1.8543341,"{""geodesic"":false,""type"":""Point"",""coordinates"":[37.791090940331536,-3.2979399868237937]}"
231_0,0.34127906,782.8317789081484,21,2.0736704,"{""geodesic"":false,""type"":""Point"",""coordinates"":[38.31444942485957,-3.188525185218036]}"
232_0,0.61280847,768.1433229595423,26,7.937057,"{""geodesic"":false,""type"":""Point"",""coordinates"":[38.402574154231694,-3.458289265039128]}"
233_0,0.589388,563.8706766688265,24,0.0,"{""geodesic"":false,""type"":""Point"",""coordinates"":[37.940121445966966,-3.0109282535476063]}"
234_0,0.44101748,740.4097421718761,23,4.718928,"{""geodesic"":false,""type"":""Point"",""coordinates"":[38.21608390124848,-3.460175727135779]}"
235_0,0.371768,656.5426643192768,20,5.394559,"{""geodesic"":false,""type"":""Point"",""coordinates"":[38.12095231266022,-3.3149181456936527]}"
236_0,0.27297974,626.5405939146876,22,1.3124666,"{""geodesic"":false,""type"":""Point"",""coordinates"":[37.987282998383236,-3.2022694090650647]}"
237_0,0.32618794,651.4869780093431,24,0.92886555,"{""geodesic"":false,""type"":""Point"",""coordinates"":[37.807260615445685,-3.208467784525489]}"
238_0,0.38086233,613.3764809072018,21,4.6273675,"{""geodesic"":false,""type"":""Point"",""coordinates"":[38.56561837829938,-3.9945834896584826]}"
239_0,0.2643776,1026.2272255448624,19,2.930837,"{""geodesic"":false,""type"":""Point"",""coordinates"":[38.43248805319288,-3.034374282463126]}"
240_0,0.2983642,718.3684290982783,23,4.6295342,"{""geodesic"":false,""type"":""Point"",""coordinates"":[38.03740899123711,-2.9263069537835475]}"
241_0,0.3781461,667.2026369674131,20,2.7868452,"{""geodesic"":false,""type"":""Point"",""coordinates"":[38.46374942508023,-3.9342167025656507]}"
242_0,0.42707175,707.936475945753,22,2.9310775,"{""geodesic"":false,""type"":""Point"",""coordinates"":[38.392602854577966,-3.8186035254994684]}"
243_0,0.2780096,691.0933424411414,21,6.2091084,"{""geodesic"":false,""type"":""Point"",""coordinates"":[38.27564220458561,-3.9293658000314053]}"
244_0,0.3513939,697.2276866212487,23,4.719005,"{""geodesic"":false,""type"":""Point"",""coordinates"":[38.22201278212367,-3.841780059829752]}"
245_0,0.23541887,690.8479938581586,21,2.623979,"{""geodesic"":false,""type"":""Point"",""coordinates"":[37.865471445856635,-3.5159611062796015]}"
246_0,0.6,836.7982162926346,27,26.255299,"{""geodesic"":false,""type"":""Point"",""coordinates"":[38.289386428432636,-3.3469880013367193]}"
247_0,0.2554638,648.4765758626163,19,1.3127006,"{""geodesic"":false,""type"":""Point"",""coordinates"":[39.06903426351997,-3.5480309619226684]}"
248_0,0.21938644,610.2287950608879,22,2.0736585,"{""geodesic"":false,""type"":""Point"",""coordinates"":[37.91371097661385,-3.1586112862568556]}"
249_0,0.75458235,736.5578342138324,29,11.070552,"{""geodesic"":false,""type"":""Point"",""coordinates"":[38.291272890529285,-3.4518213949934675]}"
250_0,0.22623385,573.2242046967149,20,5.63291,"{""geodesic"":false,""type"":""Point"",""coordinates"":[38.69147234960453,-3.3545338497233232]}"
251_0,0.35376215,689.8620322495699,22,2.0765224,"{""geodesic"":false,""type"":""Point"",""coordinates"":[38.52115177173547,-3.717543056036022]}"
252_0,0.3548859,609.9023728892207,23,0.9291199,"{""geodesic"":false,""type"":""Point"",""coordinates"":[38.02366476739008,-3.4768843914204024]}"
253_0,0.29517904,651.4869780093431,22,1.3124822,"{""geodesic"":false,""type"":""Point"",""coordinates"":[37.81534545300276,-3.2265239217362915]}"
254_0,0.1721701,1026.2272255448624,22,7.2116327,"{""geodesic"":false,""type"":""Point"",""coordinates"":[38.43895592323853,-3.0392251849973713]}"
255_0,0.3217656,886.3991772857844,21,1.3126864,"{""geodesic"":false,""type"":""Point"",""coordinates"":[37.786779026967764,-3.528088362615215]}"
256_0,0.28056902,718.3684290982783,23,1.8567635,"{""geodesic"":false,""type"":""Point"",""coordinates"":[38.037139496651875,-2.9322358346587363]}"
257_0,0.41601798,589.1274350173771,22,3.344365,"{""geodesic"":false,""type"":""Point"",""coordinates"":[38.04064292625994,-3.3868731999516264]}"
258_0,0.26,690.1296389454947,22,4.7284265,"{""geodesic"":false,""type"":""Point"",""coordinates"":[38.28022361253461,-3.7762928756174388]}"
259_0,0.26769063,678.4857782606914,26,2.0756729,"{""geodesic"":false,""type"":""Point"",""coordinates"":[37.7517447308871,-3.234878253878603]}"
260_0,0.29780468,578.0282390480861,20,4.6378155,"{""geodesic"":false,""type"":""Point"",""coordinates"":[38.57747614004976,-3.854985294506309]}"
261_0,0.38700423,627.0112544931471,21,2.9310627,"{""geodesic"":false,""type"":""Point"",""coordinates"":[38.58502198843637,-3.7746759081060235]}"
262_0,0.20657277,518.8632074594498,18,3.82386,"{""geodesic"":false,""type"":""Point"",""coordinates"":[38.74105935328793,-3.1378602031936946]}"
263_0,0.2017053,621.4246845841408,19,4.1419563,"{""geodesic"":false,""type"":""Point"",""coordinates"":[38.696592746724015,-3.2302968459295935]}"
264_0,0.26522395,594.6486164778471,19,2.6239126,"{""geodesic"":false,""type"":""Point"",""coordinates"":[38.92862758461209,-3.468260564692855]}"
265_0,0.19655254,601.2804483547807,19,0.92877024,"{""geodesic"":false,""type"":""Point"",""coordinates"":[38.85020466030845,-3.10174792877209]}"
266_0,0.28276825,665.0236494392157,21,11.015097,"{""geodesic"":false,""type"":""Point"",""coordinates"":[38.651048161819155,-3.6760408899097]}"
267_0,0.2934675,741.2184080444276,22,4.1470084,"{""geodesic"":false,""type"":""Point"",""coordinates"":[37.91748390080715,-3.5553073157240367]}"
268_0,0.714565,787.3692897763103,26,1.8576337,"{""geodesic"":false,""type"":""Point"",""coordinates"":[37.71697992939168,-3.416787098912806]}"
269_0,0.3269997,811.0573604255915,21,2.6235163,"{""geodesic"":false,""type"":""Point"",""coordinates"":[38.23899094099353,-3.1699300588367616]}"
270_0,0.20269485,534.6284499317408,18,2.0736322,"{""geodesic"":false,""type"":""Point"",""coordinates"":[38.80439058081836,-3.092854607459307]}"
271_0,0.29370537,667.2026369674131,19,2.93111,"{""geodesic"":false,""type"":""Point"",""coordinates"":[38.49447180779712,-3.9118486519910745]}"
272_0,0.3475662,604.9741984009743,20,0.92740995,"{""geodesic"":false,""type"":""Point"",""coordinates"":[38.61520538198278,-3.9218199516448013]}"
273_0,0.24815282,771.6054477542639,21,3.8188033,"{""geodesic"":false,""type"":""Point"",""coordinates"":[38.136044009433434,-3.0769544269303912]}"
274_0,0.33175004,708.1255964201991,20,2.7802885,"{""geodesic"":false,""type"":""Point"",""coordinates"":[38.309598522325324,-3.8520208540687144]}"
275_0,0.6527912,888.6806948073208,22,2.0735698,"{""geodesic"":false,""type"":""Point"",""coordinates"":[38.239529930164004,-2.92873240505067]}"
276_0,0.30242825,657.3963373965817,19,3.7047918,"{""geodesic"":false,""type"":""Point"",""coordinates"":[38.41577938890825,-3.997547930096077]}"
277_0,0.37174982,711.0895342677832,21,2.9358516,"{""geodesic"":false,""type"":""Point"",""coordinates"":[38.16434094088319,-3.6749629115687568]}"
278_0,0.5092861,788.4366359338164,23,9.110219,"{""geodesic"":false,""type"":""Point"",""coordinates"":[38.13334906358107,-2.9484055097728876]}"
279_0,0.19018702,737.4401799784973,21,2.935055,"{""geodesic"":false,""type"":""Point"",""coordinates"":[37.80699112086045,-3.394958037508702]}"
280_0,0.30476764,714.6964903324842,21,0.9288988,"{""geodesic"":false,""type"":""Point"",""coordinates"":[38.17458173512216,-3.24484955353233]}"
281_0,0.23145045,562.6757712215185,20,2.9308956,"{""geodesic"":false,""type"":""Point"",""coordinates"":[38.73971188036175,-3.243232586020915]}"
282_0,0.29518682,570.8644628481998,19,2.7802885,"{""geodesic"":false,""type"":""Point"",""coordinates"":[38.78579545443708,-3.38336977034356]}"
283_0,0.28802794,474.36805857531726,22,2.7802885,"{""geodesic"":false,""type"":""Point"",""coordinates"":[37.96329798029725,-3.0297928745141163]}"
284_0,0.37830257,710.7221528887749,22,1.3126823,"{""geodesic"":false,""type"":""Point"",""coordinates"":[38.528697620122074,-3.5221594817400264]}"
285_0,0.35286823,742.1224828213453,20,2.0769792,"{""geodesic"":false,""type"":""Point"",""coordinates"":[38.86233191664407,-3.952542334361689]}"
286_0,0.39612725,686.1519198482856,21,0.92740995,"{""geodesic"":false,""type"":""Point"",""coordinates"":[38.23414003845928,-3.6480134530451713]}"
287_0,0.22722678,534.0048802644014,19,2.930914,"{""geodesic"":false,""type"":""Point"",""coordinates"":[38.81247541837543,-3.306024824380869]}"
288_0,0.37716895,582.866660620668,22,0.92877537,"{""geodesic"":false,""type"":""Point"",""coordinates"":[37.910746536176255,-3.107407315062043]}"
289_0,0.36620718,627.0112544931471,20,3.3425758,"{""geodesic"":false,""type"":""Point"",""coordinates"":[38.566157367469856,-3.7900370994644677]}"
290_0,0.47868577,735.7749928683043,23,2.9310598,"{""geodesic"":false,""type"":""Point"",""coordinates"":[38.325229208269,-3.766591070548948]}"
291_0,0.580732,820.1995195366908,23,2.623878,"{""geodesic"":false,""type"":""Point"",""coordinates"":[37.67601675243582,-3.443467062851156]}"
292_0,0.19955313,685.0566477179527,18,4.7188573,"{""geodesic"":false,""type"":""Point"",""coordinates"":[38.57585917253835,-3.069947567714259]}"
293_0,0.38106796,704.3678481653333,19,2.786414,"{""geodesic"":false,""type"":""Point"",""coordinates"":[38.88416097804817,-3.8027033449705527]}"
294_0,0.1826506,554.3416660241783,18,3.3420177,"{""geodesic"":false,""type"":""Point"",""coordinates"":[39.00354707930765,-3.287160203414359]}"
295_0,0.23356716,639.3423596676439,18,4.983449,"{""geodesic"":false,""type"":""Point"",""coordinates"":[38.882274515951515,-3.598695943947009]}"
296_0,0.3007577,627.0112544931471,21,4.147811,"{""geodesic"":false,""type"":""Point"",""coordinates"":[38.58879491262967,-3.772250456838901]}"
297_0,0.2341383,707.936475945753,22,1.8584856,"{""geodesic"":false,""type"":""Point"",""coordinates"":[38.39314184374844,-3.8315392655907896]}"
298_0,0.32844394,556.3932220116258,19,3.7047918,"{""geodesic"":false,""type"":""Point"",""coordinates"":[38.731357548219435,-3.4693385430337984]}"
299_0,0.23612393,654.8661195524037,19,1.858182,"{""geodesic"":false,""type"":""Point"",""coordinates"":[38.84993516572322,-3.689246124586257]}"
